neighborhood_municipality,health_rank
Squirrel Hill North (Pittsburgh),1.0
Undefined,2.0
Glen Hazel (Pittsburgh),3.0
West Oakland (Pittsburgh),4.0
North Shore (Pittsburgh),5.0
North Oakland (Pittsburgh),6.0
Shadyside (Pittsburgh),7.0
Oakmont,8.0
Southside Flats (Pittsburgh),9.0
Haysville,10.0
Squirrel Hill South (Pittsburgh),11.0
Point Breeze (Pittsburgh),12.0
Highland Park (Pittsburgh),13.0
Lincoln-Lemington-Belmar (Pittsburgh),14.0
Fairywood (Pittsburgh),15.0
Bluff (Pittsburgh),16.0
Regent Square (Pittsburgh),17.0
Scott,18.0
Central Lawrenceville (Pittsburgh),19.0
Friendship (Pittsburgh),20.0
Harmar,21.0
Central Business District (Pittsburgh),22.0
Central Oakland (Pittsburgh),23.0
Aleppo,24.0
Edgeworth,25.0
Edgewood,26.0
Spring Hill-City View (Pittsburgh),27.0
Sewickley Heights,28.0
Point Breeze North (Pittsburgh),29.0
Glen Osborne,30.0
Strip District (Pittsburgh),31.0
Arlington Heights (Pittsburgh),32.0
Bloomfield (Pittsburgh),33.0
Fox Chapel,34.0
South Oakland (Pittsburgh),35.0
Swisshelm Park (Pittsburgh),36.0
Indiana,37.0
Polish Hill (Pittsburgh),38.0
Mcdonald,39.0
Upper Lawrenceville (Pittsburgh),40.0
Mount Lebanon,41.0
Ross,42.0
Esplen (Pittsburgh),43.0
Kennedy,44.0
Larimer (Pittsburgh),45.0
Aspinwall,46.0
Allegheny West (Pittsburgh),47.0
Upper Hill (Pittsburgh),48.0
Lower Lawrenceville (Pittsburgh),49.0
South Shore (Pittsburgh),50.0
Ohio,51.0
O'Hara,52.0
Chateau (Pittsburgh),53.0
East Liberty (Pittsburgh),54.0
Sewickley,55.0
McCandless,56.0
Greenfield (Pittsburgh),57.0
Perry South (Pittsburgh),58.0
Undefined (Pittsburgh),59.0
Terrace Village (Pittsburgh),60.0
Garfield (Pittsburgh),61.0
Homewood West (Pittsburgh),62.0
Wilkinsburg,63.0
Ben Avon Heights,64.0
McKeesport,65.0
Northview Heights (Pittsburgh),66.0
Central Northside (Pittsburgh),67.0
Leetsdale,68.0
Brackenridge,69.0
Churchill,70.0
Stanton Heights (Pittsburgh),71.0
Neville,72.0
Troy Hill (Pittsburgh),73.0
East Deer,74.0
Monroeville,75.0
Upper Saint Clair,76.0
Morningside (Pittsburgh),77.0
Blawnox,78.0
Marshall,79.0
St. Clair (Pittsburgh),80.0
Moon,81.0
Richland,82.0
Swissvale,83.0
Avalon,84.0
Rosslyn Farms,85.0
Homewood South (Pittsburgh),86.0
Homestead,87.0
Franklin Park,88.0
Forest Hills,89.0
Pine,90.0
Robinson,91.0
Cheswick,92.0
Chalfant,93.0
California-Kirkbride (Pittsburgh),94.0
Homewood North (Pittsburgh),95.0
Sewickley Hills,96.0
Penn Hills,97.0
West Deer,98.0
Sharpsburg,99.0
Dormont,100.0
Banksville (Pittsburgh),101.0
Crawford-Roberts (Pittsburgh),102.0
Windgap (Pittsburgh),103.0
Verona,104.0
East Allegheny (Pittsburgh),105.0
Fineview (Pittsburgh),106.0
Ben Avon,107.0
Brighton Heights (Pittsburgh),108.0
Bethel Park,109.0
Millvale,110.0
Oakdale,111.0
Whitehall,112.0
Hazelwood (Pittsburgh),113.0
Pleasant Hills,114.0
Dravosburg,115.0
East Pittsburgh,116.0
Perry North (Pittsburgh),117.0
Pitcairn,118.0
Hampton,119.0
Bellevue,120.0
Turtle Creek,121.0
South Fayette,122.0
Heidelberg,123.0
Braddock,124.0
Allentown (Pittsburgh),125.0
Duquesne Heights (Pittsburgh),126.0
Southside Slopes (Pittsburgh),127.0
Wilkins,128.0
Mckees rocks,129.0
Jefferson Hills,130.0
Braddock Hills,131.0
Leet,132.0
Etna,133.0
Arlington (Pittsburgh),134.0
Plum,135.0
West Homestead,136.0
Castle Shannon,137.0
Bell Acres,138.0
Mount Washington (Pittsburgh),139.0
Emsworth,140.0
Brookline (Pittsburgh),141.0
Tarentum,142.0
North Braddock,143.0
Munhall,144.0
Mount Oliver Borough,145.0
Marshall-Shadeland (Pittsburgh),146.0
Carnegie,147.0
Shaler,148.0
Reserve,149.0
West View,150.0
Baldwin Borough,151.0
Collier,152.0
Kilbuck,153.0
Rankin,154.0
Knoxville (Pittsburgh),155.0
Overbrook (Pittsburgh),156.0
Wilmerding,157.0
Spring Garden (Pittsburgh),158.0
Carrick (Pittsburgh),159.0
Clairton,160.0
Allegheny Center (Pittsburgh),161.0
East Hills (Pittsburgh),162.0
North Versailles,163.0
Brentwood,164.0
Middle Hill (Pittsburgh),165.0
Coraopolis,166.0
Beechview (Pittsburgh),167.0
Bradford Woods,168.0
Ingram,169.0
Oakwood (Pittsburgh),170.0
Manchester (Pittsburgh),171.0
Fawn,172.0
Springdale Borough,173.0
Pennsbury Village,174.0
North Fayette,175.0
Crafton Heights (Pittsburgh),176.0
Crafton,177.0
Stowe,178.0
Lincoln Place (Pittsburgh),179.0
Whitaker,180.0
Summer Hill (Pittsburgh),181.0
Frazer,182.0
Green Tree,183.0
Thornburg,184.0
Springdale Township,185.0
Duquesne,186.0
Bridgeville,187.0
Glassport,188.0
White Oak,189.0
West Mifflin,190.0
Elliott (Pittsburgh),191.0
Versailles,192.0
Port Vue,193.0
Hays (Pittsburgh),194.0
Sheraden (Pittsburgh),195.0
Harrison,196.0
West End (Pittsburgh),197.0
South Park,198.0
Elizabeth Borough,199.0
Beltzhoover (Pittsburgh),200.0
New Homestead (Pittsburgh),201.0
Findlay,202.0
Forward,203.0
East Carnegie (Pittsburgh),204.0
Baldwin Township,205.0
Glenfield,206.0
Chartiers City (Pittsburgh),207.0
Westwood (Pittsburgh),208.0
Bedford Dwellings (Pittsburgh),209.0
Crescent,210.0
Ridgemont (Pittsburgh),211.0
Liberty,212.0
West Elizabeth,213.0
East Mckeesport,214.0
Bon Air (Pittsburgh),215.0
Elizabeth Township,216.0
Mt. Oliver (Pittsburgh),217.0
South Versailles,218.0
Wall,219.0
Trafford,220.0
Lincoln,221.0
